{
  "version": 1,
  "author": "Uri Shaked",
  "editor": "wokwi",
  "parts": [
    { "type": "wokwi-esp32-devkit-v1", "id": "esp", "top": 14.3, "left": -110.6, "attrs": {} },
    { "type": "wokwi-ir-receiver", "id": "ir1", "top": -68.55, "left": 65.42, "attrs": {} },
    { "type": "wokwi-dht22", "id": "dht2", "top": -86.1, "left": 4.2, "attrs": {} }
  ],
  "connections": [
    [ "esp:TX0", "$serialMonitor:RX", "", [] ],
    [ "esp:RX0", "$serialMonitor:TX", "", [] ],
    [ "dht2:VCC", "esp:3V3", "magenta", [ "v144", "h-19.2", "v0", "h9.6" ] ],
    [ "dht2:SDA", "esp:D23", "yellow", [ "v0" ] ],
    [ "dht2:GND", "esp:GND.1", "cyan", [ "v0" ] ],
    [ "ir1:GND", "esp:GND.2", "black", [ "v19.2", "h105.6", "v182.4", "h-336", "v-57.6" ] ],
    [ "ir1:DAT", "esp:D15", "green", [ "v9.6", "h124.8", "v172.8", "h-220.8", "v-48" ] ],
    [ "ir1:VCC", "esp:VIN", "red", [ "v182.4", "h-220.8", "v-28.8" ] ]
  ],
  "dependencies": {}
}